{"assets/1.jpg":["assets/1.jpg"],"assets/1m.jpg":["assets/1m.jpg"],"assets/1w.jpg":["assets/1w.jpg"],"assets/2.jpg":["assets/2.jpg"],"assets/2m.jpg":["assets/2m.jpg"],"assets/2w.jpg":["assets/2w.jpg"],"assets/3.jpg":["assets/3.jpg"],"assets/3m.jpg":["assets/3m.jpg"],"assets/3w.jpg":["assets/3w.jpg"],"assets/4m.jpg":["assets/4m.jpg"],"assets/4w.jpg":["assets/4w.jpg"],"assets/5w.jpg":["assets/5w.jpg"],"assets/OSA.png":["assets/OSA.png"],"assets/RADIO.png":["assets/RADIO.png"],"assets/add-image.png":["assets/add-image.png"],"assets/auction.png":["assets/auction.png"],"assets/coin.json":["assets/coin.json"],"assets/cslogo.png":["assets/cslogo.png"],"assets/edit.png":["assets/edit.png"],"assets/iconic.ttf":["assets/iconic.ttf"],"assets/insta_logo.png":["assets/insta_logo.png"],"assets/resell.png":["assets/resell.png"],"assets/sale.png":["assets/sale.png"],"assets/sold.png":["assets/sold.png"],"assets/wave.json":["assets/wave.json"],"packages/cupertino_icons/assets/CupertinoIcons.ttf":["packages/cupertino_icons/assets/CupertinoIcons.ttf"]}